{"actions":[],"apps":[{"acl":{"app":[],"field":[],"record":[]},"app":null,"category":{"categories":[],"useCategory":"false"},"form":{"layout":"[{\"id\":null,\"type\":\"ROW\",\"isSubTable\":false,\"var\":null,\"controlList\":[{\"isVirtical\":true,\"styleMap\":{\"width\":193},\"type\":\"SINGLE_LINE_TEXT\",\"var\":\"员工姓名\",\"label\":\"员工姓名\"},{\"isVirtical\":true,\"styleMap\":{\"width\":193},\"type\":\"SINGLE_LINE_TEXT\",\"var\":\"部门\",\"label\":\"部门\"},{\"isVirtical\":true,\"styleMap\":{\"width\":193},\"type\":\"SINGLE_LINE_TEXT\",\"var\":\"用户id\",\"label\":\"用户id\"}]},{\"id\":null,\"type\":\"ROW\",\"isSubTable\":false,\"var\":null,\"controlList\":[{\"isVirtical\":true,\"styleMap\":{\"width\":101},\"type\":\"TIME\",\"var\":\"上班时间\",\"label\":\"上班时间\"},{\"isVirtical\":true,\"styleMap\":{\"width\":101},\"type\":\"TIME\",\"var\":\"下班时间\",\"label\":\"下班时间\"}]},{\"id\":null,\"type\":\"ROW\",\"isSubTable\":false,\"var\":null,\"controlList\":[{\"isVirtical\":true,\"styleMap\":{\"width\":315,\"height\":162,\"innerHeight\":125},\"type\":\"MULTIPLE_LINE_TEXT\",\"var\":\"日报\",\"label\":\"日报：\"}]},{\"id\":null,\"type\":\"ROW\",\"isSubTable\":false,\"var\":null,\"controlList\":[{\"isVirtical\":true,\"styleMap\":{\"width\":315,\"height\":162,\"innerHeight\":125},\"type\":\"MULTIPLE_LINE_TEXT\",\"var\":\"感想\",\"label\":\"感想：\"}]},{\"id\":null,\"type\":\"ROW\",\"isSubTable\":false,\"var\":null,\"controlList\":[{\"isVirtical\":true,\"styleMap\":{\"width\":207},\"type\":\"FILE\",\"var\":\"图片\",\"label\":\"图片：\"}]},{\"id\":null,\"type\":\"ROW\",\"isSubTable\":false,\"var\":null,\"controlList\":[{\"isVirtical\":true,\"styleMap\":{\"width\":315,\"height\":162,\"innerHeight\":125},\"type\":\"MULTIPLE_LINE_TEXT\",\"var\":\"领导评语\",\"label\":\"领导评语：\"}]},{\"id\":null,\"type\":\"ROW\",\"isSubTable\":false,\"var\":null,\"controlList\":[{\"isVirtical\":true,\"styleMap\":{\"width\":196},\"type\":\"CREATED_AT\",\"var\":\"创建时间\",\"label\":\"创建时间\"}]}]","revision":null},"iconMeta":null,"info":{"automaticallyChooseTitleComponent":"true","code":null,"decimalPrecision":"16","decimalScale":"4","description":"\u003Cdiv\u003E\u003Cbr /\u003E\u003C/div\u003E","enableBulkDeletion":"false","fiscalYearStartMonth":"4","iconKey":"APP39","iconType":"PRESET","jsFiles":null,"jsScope":"ALL","name":"日报","roundingMode":"HALF_EVEN","theme":"PLAIN","titleComponentLocalId":null,"useComment":"true","useHistory":"true","useThumbnail":"true"},"jsFiles":[],"notification":{"appNotifications":[{"events":["RECORD_COMMENT_ADDED"],"target":{"entityId":"5527125","entityType":"FIELD_ENTITY","includeSubs":"false"}},{"events":["RECORD_COMMENT_ADDED"],"target":{"entityId":"5527126","entityType":"FIELD_ENTITY","includeSubs":"false"}}],"recordNotifications":[],"reminderTimezone":null,"reminders":[],"useComment":"true","useReminder":"false"},"plugin":{"pluginIds":[]},"reports":[],"resource":{"tables":[{"rows":[{"fields":[],"objectId":"0","subObjectId":"-1"}],"type":"AppName"},{"rows":[{"fields":[],"objectId":"0","subObjectId":"-1"}],"type":"AppDescription"},{"rows":[{"fields":[],"objectId":"5527124","subObjectId":"-1"},{"fields":[],"objectId":"5527125","subObjectId":"-1"},{"fields":[],"objectId":"5527126","subObjectId":"-1"},{"fields":[],"objectId":"5527127","subObjectId":"-1"},{"fields":[],"objectId":"5527128","subObjectId":"-1"},{"fields":[],"objectId":"5527129","subObjectId":"-1"},{"fields":[],"objectId":"5527130","subObjectId":"-1"},{"fields":[],"objectId":"5527131","subObjectId":"-1"},{"fields":[],"objectId":"5527132","subObjectId":"-1"},{"fields":[],"objectId":"5527134","subObjectId":"-1"},{"fields":[],"objectId":"5527137","subObjectId":"-1"},{"fields":[],"objectId":"5527138","subObjectId":"-1"},{"fields":[],"objectId":"5527142","subObjectId":"-1"},{"fields":[],"objectId":"5527143","subObjectId":"-1"},{"fields":[],"objectId":"5527144","subObjectId":"-1"},{"fields":[],"objectId":"5527145","subObjectId":"-1"},{"fields":[],"objectId":"5527196","subObjectId":"-1"}],"type":"FieldLabel"},{"rows":[{"fields":[],"objectId":"20","subObjectId":"-1"}],"type":"ViewName"}]},"schema":{"groups":[],"revision":null,"subTable":{},"table":{"fieldList":{"5527124":{"id":"5527124","label":"记录编号","properties":{"noLabel":"false","required":"true"},"type":"RECORD_ID","var":"记录编号"},"5527125":{"id":"5527125","label":"更新人","properties":{"noLabel":"false","required":"true"},"type":"MODIFIER","var":"更新人"},"5527126":{"id":"5527126","label":"创建人","properties":{"noLabel":"false","required":"true"},"type":"CREATOR","var":"创建人"},"5527127":{"id":"5527127","label":"更新时间","properties":{"noLabel":"false","required":"true"},"type":"MODIFIED_AT","var":"更新时间"},"5527128":{"id":"5527128","label":"创建时间","properties":{"noLabel":"false","required":"true"},"type":"CREATED_AT","var":"创建时间"},"5527129":{"id":"5527129","label":"状态","properties":{"noLabel":"false","required":"false"},"type":"STATUS","var":"状态"},"5527130":{"id":"5527130","label":"执行者","properties":{"noLabel":"false","required":"false"},"type":"STATUS_ASSIGNEE","var":"执行者"},"5527131":{"id":"5527131","label":"类别","properties":{"noLabel":"false","required":"false"},"type":"CATEGORY","var":"类别"},"5527132":{"id":"5527132","label":"部门","properties":{"defaultValue":"","expression":"","hideExpression":"false","max":null,"min":null,"noLabel":"false","required":"false","unique":"false"},"type":"SINGLE_LINE_TEXT","var":"部门"},"5527134":{"id":"5527134","label":"员工姓名","properties":{"defaultValue":"","expression":"","hideExpression":"false","max":null,"min":null,"noLabel":"false","required":"false","unique":"false"},"type":"SINGLE_LINE_TEXT","var":"员工姓名"},"5527137":{"id":"5527137","label":"上班时间","properties":{"defaultExpression":"NOW","defaultValue":null,"noLabel":"false","required":"false"},"type":"TIME","var":"上班时间"},"5527138":{"id":"5527138","label":"下班时间","properties":{"defaultExpression":"NOW","defaultValue":null,"noLabel":"false","required":"false"},"type":"TIME","var":"下班时间"},"5527142":{"id":"5527142","label":"日报：","properties":{"defaultValue":"","noLabel":"false","required":"false"},"type":"MULTIPLE_LINE_TEXT","var":"日报"},"5527143":{"id":"5527143","label":"感想：","properties":{"defaultValue":"","noLabel":"false","required":"false"},"type":"MULTIPLE_LINE_TEXT","var":"感想"},"5527144":{"id":"5527144","label":"图片：","properties":{"noLabel":"false","required":"false","thumbnailSize":"150"},"type":"FILE","var":"图片"},"5527145":{"id":"5527145","label":"领导评语：","properties":{"defaultValue":"","noLabel":"false","required":"false"},"type":"MULTIPLE_LINE_TEXT","var":"领导评语"},"5527196":{"id":"5527196","label":"用户id","properties":{"defaultValue":"","expression":"","hideExpression":"false","max":null,"min":null,"noLabel":"false","required":"false","unique":"false"},"type":"SINGLE_LINE_TEXT","var":"用户id"}},"id":"1","label":"__ROOT__","var":"__ROOT__"}},"status":{"actions":[],"filters":[],"initialStateId":null,"states":[],"useStatus":"false"},"uuid":"345cce57-f7a3-40d4-a1cc-8b8e08e5a7be","views":[{"advancedMode":null,"builtinType":"ALL","device":null,"fields":[{"row":[{"id":"5527124"},{"id":"5527132"},{"id":"5527134"},{"id":"5527137"},{"id":"5527138"},{"id":"5527142"},{"id":"5527143"},{"id":"5527144"},{"id":"5527145"},{"id":"5527196"}]}],"filter":{"category":null,"offset":null,"order":[],"q":null,"size":null,"sort":[]},"html":null,"keyFieldId":null,"name":"（全部）","pager":null,"revision":null,"titleFieldId":null,"view":"20","viewType":"LIST"}]}],"description":"","iconKey":"APP39","iconMeta":null,"iconSrcAppId":"345cce57-f7a3-40d4-a1cc-8b8e08e5a7be","iconType":"PRESET","imagesMeta":[],"lookups":[],"name":"日报","references":[],"version":"26"}